<?xml version="1.0" encoding="UTF-8"?>
<project-private xmlns="http://www.netbeans.org/ns/project-private/1">
    <editor-bookmarks xmlns="http://www.netbeans.org/ns/editor-bookmarks/2" lastBookmarkId="0"/>
    <open-files xmlns="http://www.netbeans.org/ns/projectui-open-files/2">
        <group>
            <file>file:/C:/Users/matte/Documents/NetBeansProjects/Paninaro_2.0_funzionante/src/Paninaro_2/Database.java</file>
            <file>file:/C:/Users/matte/Documents/NetBeansProjects/Paninaro_2.0_funzionante/src/Paninaro_2/gui.java</file>
            <file>file:/C:/Users/matte/Documents/NetBeansProjects/Paninaro_2.0_funzionante/src/Paninaro_2/prodotto.java</file>
        </group>
    </open-files>
</project-private>
